Category,Season Title,Show Title,type,Week,count of shows,Cumulative Weeks In Top 10,Weekly Hours Viewed,Weekly Rank
Films (English),N/A,Red Notice,Film,11/21/2021,1,2,129110000,1
Films (English),N/A,The Princess Switch 3: Romancing the Star,Film,11/21/2021,1,1,24770000,2
Films (English),N/A,Love Hard,Film,11/21/2021,1,3,21240000,3
Films (English),N/A,Central Intelligence,Film,11/21/2021,1,1,14910000,4
Films (English),N/A,The Harder They Fall,Film,11/21/2021,1,3,13770000,5
Films (English),N/A,The Croods,Film,11/21/2021,1,1,13430000,6
Films (English),N/A,Army of Thieves,Film,11/21/2021,1,4,12260000,7
Films (English),N/A,Trolls,Film,11/21/2021,1,1,10120000,8
Films (English),N/A,6 Underground,Film,11/21/2021,1,1,7770000,9
Films (English),N/A,Goosebumps 2: Haunted Halloween,Film,11/21/2021,1,1,7680000,10
Films (Non-English),N/A,Just Short of Perfect,Film,11/21/2021,1,1,9630000,1
Films (Non-English),N/A,7 Prisoners,Film,11/21/2021,1,2,9570000,2
Films (Non-English),N/A,Yara,Film,11/21/2021,1,3,5660000,3
Films (Non-English),N/A,Prayers for the Stolen,Film,11/21/2021,1,1,4700000,4
Films (Non-English),N/A,Dhamaka,Film,11/21/2021,1,1,4200000,5
Films (Non-English),N/A,Love Me Instead,Film,11/21/2021,1,1,3000000,6
Films (Non-English),N/A,The Claus Family,Film,11/21/2021,1,3,2420000,7
Films (Non-English),N/A,Earwig and the Witch,Film,11/21/2021,1,1,2100000,8
Films (Non-English),N/A,The Forgotten Battle,Film,11/21/2021,1,6,1940000,9
Films (Non-English),N/A,Meenakshi Sundareshwar,Film,11/21/2021,1,3,1900000,10
TV (English),Arcane: Season 1,Arcane,TV,11/21/2021,1,2,38420000,1
TV (English),Tiger King 2,Tiger King,TV,11/21/2021,1,1,30030000,2
TV (English),Narcos: Mexico: Season 3,Narcos: Mexico,TV,11/21/2021,1,3,27540000,3
TV (English),Maid: Limited Series,Maid,TV,11/21/2021,1,8,23920000,4
TV (English),You: Season 3,You,TV,11/21/2021,1,6,23460000,5
TV (English),Cowboy Bebop: Season 1,Cowboy Bebop,TV,11/21/2021,1,1,21630000,6
TV (English),Dynasty: Season 4,Dynasty,TV,11/21/2021,1,5,15060000,7
TV (English),Locke & Key: Season 2,Locke & Key,TV,11/21/2021,1,5,12340000,8
TV (English),You: Season 2,You,TV,11/21/2021,1,5,11670000,9
TV (English),Big Mouth: Season 5,Big Mouth,TV,11/21/2021,1,3,11410000,10
TV (Non-English),Hellbound: Season 1,Hellbound,TV,11/21/2021,1,1,43480000,1
TV (Non-English),The Queen of Flow: Season 2,The Queen of Flow,TV,11/21/2021,1,1,38640000,2
TV (Non-English),Squid Game: Season 1,Squid Game,TV,11/21/2021,1,10,30410000,3
TV (Non-English),The King's Affection: Season 1,The King's Affection,TV,11/21/2021,1,5,15640000,4
TV (Non-English),Carinha de Anjo: Season 1,Carinha de Anjo,TV,11/21/2021,1,7,13180000,5
TV (Non-English),Hometown Cha-Cha-Cha: Season 1,Hometown Cha-Cha-Cha,TV,11/21/2021,1,12,13150000,6
TV (Non-English),Christmas Flow: Season 1,Christmas Flow,TV,11/21/2021,1,1,9720000,7
TV (Non-English),The Queen of Flow: Season 1,The Queen of Flow,TV,11/21/2021,1,1,8810000,8
TV (Non-English),Love Never Lies: Season 1,Love Never Lies,TV,11/21/2021,1,1,8370000,9
TV (Non-English),"Yo soy Betty, la fea: Season 1","Yo soy Betty, la fea",TV,11/21/2021,1,6,7800000,10
Films (English),N/A,Red Notice,Film,11/14/2021,1,1,148720000,1
Films (English),N/A,Love Hard,Film,11/14/2021,1,2,58560000,2
Films (English),N/A,The Harder They Fall,Film,11/14/2021,1,2,33060000,3
Films (English),N/A,Army of Thieves,Film,11/14/2021,1,3,20560000,4
Films (English),N/A,Father Christmas Is Back,Film,11/14/2021,1,1,13780000,5
Films (English),N/A,211,Film,11/14/2021,1,1,7900000,6
Films (English),N/A,Army of the Dead,Film,11/14/2021,1,3,7620000,7
Films (English),N/A,Passing,Film,11/14/2021,1,1,7490000,8
Films (English),N/A,Transformers: The Last Knight,Film,11/14/2021,1,2,6920000,9
Films (English),N/A,Jumanji: The Next Level,Film,11/14/2021,1,1,6760000,10
Films (Non-English),N/A,Yara,Film,11/14/2021,1,2,17950000,1
Films (Non-English),N/A,7 Prisoners,Film,11/14/2021,1,1,9690000,2
Films (Non-English),N/A,The Claus Family,Film,11/14/2021,1,2,4440000,3
Films (Non-English),N/A,Meenakshi Sundareshwar,Film,11/14/2021,1,2,4410000,4
Films (Non-English),N/A,The Forgotten Battle,Film,11/14/2021,1,5,2630000,5
Films (Non-English),N/A,Stuck Together,Film,11/14/2021,1,4,2610000,6
Films (Non-English),N/A,Lords of Scam,Film,11/14/2021,1,1,2120000,7
Films (Non-English),N/A,Fierce,Film,11/14/2021,1,1,1800000,8
Films (Non-English),N/A,Der Fall Collini,Film,11/14/2021,1,2,1590000,9
Films (Non-English),N/A,Doctor (Tamil),Film,11/14/2021,1,2,1430000,10
TV (English),Narcos: Mexico: Season 3,Narcos: Mexico,TV,11/14/2021,1,2,50290000,1
TV (English),Arcane: Season 1,Arcane,TV,11/14/2021,1,1,34170000,2
TV (English),You: Season 3,You,TV,11/14/2021,1,5,33720000,3
TV (English),Maid: Limited Series,Maid,TV,11/14/2021,1,7,29480000,4
TV (English),Big Mouth: Season 5,Big Mouth,TV,11/14/2021,1,2,25390000,5
TV (English),Dynasty: Season 4,Dynasty,TV,11/14/2021,1,4,21020000,6
TV (English),Locke & Key: Season 2,Locke & Key,TV,11/14/2021,1,4,18770000,7
TV (English),Narcos: Mexico: Season 1,Narcos: Mexico,TV,11/14/2021,1,1,15570000,8
TV (English),You: Season 2,You,TV,11/14/2021,1,4,15520000,9
TV (English),You: Season 1,You,TV,11/14/2021,1,5,14570000,10
TV (Non-English),Squid Game: Season 1,Squid Game,TV,11/14/2021,1,9,42790000,1
TV (Non-English),The King's Affection: Season 1,The King's Affection,TV,11/14/2021,1,4,14120000,2
TV (Non-English),Hometown Cha-Cha-Cha: Season 1,Hometown Cha-Cha-Cha,TV,11/14/2021,1,11,13820000,3
TV (Non-English),Carinha de Anjo: Season 1,Carinha de Anjo,TV,11/14/2021,1,6,13660000,4
TV (Non-English),My Name: Season 1,My Name,TV,11/14/2021,1,5,10820000,5
TV (Non-English),Where is Marta?: Limited Series,Where is Marta?,TV,11/14/2021,1,1,8640000,6
TV (Non-English),The Five Juanas: Season 1,The Five Juanas,TV,11/14/2021,1,6,8490000,7
TV (Non-English),The Club: Part 1,The Club,TV,11/14/2021,1,1,7860000,8
TV (Non-English),"Yo soy Betty, la fea: Season 1","Yo soy Betty, la fea",TV,11/14/2021,1,5,7650000,9
TV (Non-English),"Demon Slayer: Kimetsu no Yaiba: Tanjiro Kamado, Unwavering Resolve Arc",Demon Slayer: Kimetsu no Yaiba,TV,11/14/2021,1,2,6060000,10
Films (English),N/A,Army of Thieves,Film,11/7/2021,1,2,71610000,1
Films (English),N/A,The Harder They Fall,Film,11/7/2021,1,1,64760000,2
Films (English),N/A,Love Hard,Film,11/7/2021,1,1,40530000,3
Films (English),N/A,Army of the Dead,Film,11/7/2021,1,2,16910000,4
Films (English),N/A,Transformers: The Last Knight,Film,11/7/2021,1,1,13180000,5
Films (English),N/A,21 Jump Street,Film,11/7/2021,1,1,11690000,6
Films (English),N/A,Hypnotic,Film,11/7/2021,1,2,11140000,7
Films (English),N/A,The Girl in the Spider's Web,Film,11/7/2021,1,1,6580000,8
Films (English),N/A,Amina,Film,11/7/2021,1,1,6110000,9
Films (English),N/A,Just Go With It,Film,11/7/2021,1,1,5740000,10
Films (Non-English),N/A,Yara,Film,11/7/2021,1,1,11610000,1
Films (Non-English),N/A,The Claus Family,Film,11/7/2021,1,1,6760000,2
Films (Non-English),N/A,Stuck Together,Film,11/7/2021,1,3,5780000,3
Films (Non-English),N/A,The Forgotten Battle,Film,11/7/2021,1,4,3860000,4
Films (Non-English),N/A,Der Fall Collini,Film,11/7/2021,1,1,3230000,5
Films (Non-English),N/A,Meenakshi Sundareshwar,Film,11/7/2021,1,1,2820000,6
Films (Non-English),N/A,Nobody Sleeps in the Woods Tonight 2,Film,11/7/2021,1,2,2660000,7
Films (Non-English),N/A,Monk Comes Down the Mountain,Film,11/7/2021,1,1,1590000,8
Films (Non-English),N/A,The Trip,Film,11/7/2021,1,4,1540000,9
Films (Non-English),N/A,Doctor (Tamil),Film,11/7/2021,1,1,1530000,10
TV (English),You: Season 3,You,TV,11/7/2021,1,4,52590000,1
TV (English),Maid: Limited Series,Maid,TV,11/7/2021,1,6,41290000,2
TV (English),Locke & Key: Season 2,Locke & Key,TV,11/7/2021,1,3,32250000,3
TV (English),Dynasty: Season 4,Dynasty,TV,11/7/2021,1,3,32050000,4
TV (English),Narcos: Mexico: Season 3,Narcos: Mexico,TV,11/7/2021,1,1,28150000,5
TV (English),You: Season 2,You,TV,11/7/2021,1,3,21660000,6
TV (English),Maya and the Three: Limited Series,Maya and the Three,TV,11/7/2021,1,2,21470000,7
TV (English),You: Season 1,You,TV,11/7/2021,1,4,20910000,8
TV (English),Big Mouth: Season 5,Big Mouth,TV,11/7/2021,1,1,19570000,9
TV (English),Locke & Key: Season 1,Locke & Key,TV,11/7/2021,1,3,15950000,10
TV (Non-English),Squid Game: Season 1,Squid Game,TV,11/7/2021,1,8,65000000,1
TV (Non-English),My Name: Season 1,My Name,TV,11/7/2021,1,4,18430000,2
TV (Non-English),Hometown Cha-Cha-Cha: Season 1,Hometown Cha-Cha-Cha,TV,11/7/2021,1,10,16010000,3
TV (Non-English),Carinha de Anjo: Season 1,Carinha de Anjo,TV,11/7/2021,1,5,14090000,4
TV (Non-English),The Five Juanas: Season 1,The Five Juanas,TV,11/7/2021,1,5,13000000,5
TV (Non-English),The King's Affection: Season 1,The King's Affection,TV,11/7/2021,1,3,11990000,6
TV (Non-English),Sintonia: Season 2,Sintonia,TV,11/7/2021,1,2,11010000,7
TV (Non-English),Luis Miguel - The Series: Season 3,Luis Miguel - The Series,TV,11/7/2021,1,2,9720000,8
TV (Non-English),"Demon Slayer: Kimetsu no Yaiba: Tanjiro Kamado, Unwavering Resolve Arc",Demon Slayer: Kimetsu no Yaiba,TV,11/7/2021,1,1,7940000,9
TV (Non-English),"Yo soy Betty, la fea: Season 1","Yo soy Betty, la fea",TV,11/7/2021,1,4,7710000,10
Films (English),N/A,Army of Thieves,Film,10/31/2021,1,1,49640000,1
Films (English),N/A,Hypnotic,Film,10/31/2021,1,1,24620000,2
Films (English),N/A,Night Teeth,Film,10/31/2021,1,2,17010000,3
Films (English),N/A,Final Score,Film,10/31/2021,1,1,9840000,4
Films (English),N/A,King Arthur: Legend of the Sword,Film,10/31/2021,1,1,9150000,5
Films (English),N/A,Only Mine,Film,10/31/2021,1,1,6670000,6
Films (English),N/A,Army of the Dead,Film,10/31/2021,1,1,5780000,7
Films (English),N/A,Bloodshot,Film,10/31/2021,1,1,5590000,8
Films (English),N/A,A Dog's Journey,Film,10/31/2021,1,2,5320000,9
Films (English),N/A,Venom,Film,10/31/2021,1,4,4190000,10
Films (Non-English),N/A,Stuck Together,Film,10/31/2021,1,2,12000000,1
Films (Non-English),N/A,The Forgotten Battle,Film,10/31/2021,1,3,8410000,2
Films (Non-English),N/A,Nobody Sleeps in the Woods Tonight 2,Film,10/31/2021,1,1,6560000,3
Films (Non-English),N/A,In for a Murder,Film,10/31/2021,1,2,4790000,4
Films (Non-English),N/A,The Trip,Film,10/31/2021,1,3,3310000,5
Films (Non-English),N/A,Nobody Sleeps in the Woods Tonight,Film,10/31/2021,1,1,1900000,6
Films (Non-English),N/A,Friendzone,Film,10/31/2021,1,5,1410000,7
Films (Non-English),N/A,The Four of Us,Film,10/31/2021,1,2,1190000,8
Films (Non-English),N/A,Budapest,Film,10/31/2021,1,1,1190000,9
Films (Non-English),N/A,Grudge,Film,10/31/2021,1,4,1110000,10
TV (English),You: Season 3,You,TV,10/31/2021,1,3,82790000,1
TV (English),Maid: Limited Series,Maid,TV,10/31/2021,1,5,56700000,2
TV (English),Locke & Key: Season 2,Locke & Key,TV,10/31/2021,1,2,56490000,3
TV (English),Dynasty: Season 4,Dynasty,TV,10/31/2021,1,2,47820000,4
TV (English),Maya and the Three: Limited Series,Maya and the Three,TV,10/31/2021,1,1,34000000,5
TV (English),You: Season 1,You,TV,10/31/2021,1,3,29880000,6
TV (English),You: Season 2,You,TV,10/31/2021,1,2,28050000,7
TV (English),Locke & Key: Season 1,Locke & Key,TV,10/31/2021,1,2,24590000,8
TV (English),Inside Job: Part 1,Inside Job,TV,10/31/2021,1,1,21240000,9
TV (English),CoComelon: Season 4,CoComelon,TV,10/31/2021,1,2,13710000,10
TV (Non-English),Squid Game: Season 1,Squid Game,TV,10/31/2021,1,7,90100000,1
TV (Non-English),My Name: Season 1,My Name,TV,10/31/2021,1,3,38580000,2
TV (Non-English),Sintonia: Season 2,Sintonia,TV,10/31/2021,1,1,25890000,3
TV (Non-English),The Five Juanas: Season 1,The Five Juanas,TV,10/31/2021,1,4,19410000,4
TV (Non-English),Hometown Cha-Cha-Cha: Season 1,Hometown Cha-Cha-Cha,TV,10/31/2021,1,9,18290000,5
TV (Non-English),Carinha de Anjo: Season 1,Carinha de Anjo,TV,10/31/2021,1,4,14070000,6
TV (Non-English),Luis Miguel - The Series: Season 3,Luis Miguel - The Series,TV,10/31/2021,1,1,9990000,7
TV (Non-English),The King's Affection: Season 1,The King's Affection,TV,10/31/2021,1,2,9740000,8
TV (Non-English),Love Is Blind: Brazil: Season 1,Love Is Blind: Brazil,TV,10/31/2021,1,3,9130000,9
TV (Non-English),The Chestnut Man: Season 1,The Chestnut Man,TV,10/31/2021,1,5,8910000,10
Films (English),N/A,Night Teeth,Film,10/24/2021,1,1,31870000,1
Films (English),N/A,Venom,Film,10/24/2021,1,3,7900000,2
Films (English),N/A,What Happens in Vegas,Film,10/24/2021,1,1,7380000,3
Films (English),N/A,A Dog's Journey,Film,10/24/2021,1,1,5760000,4
Films (English),N/A,My Little Pony: A New Generation,Film,10/24/2021,1,5,5570000,5
Films (English),N/A,Unfaithful,Film,10/24/2021,1,1,5350000,6
Films (English),N/A,Going in Style,Film,10/24/2021,1,2,4520000,7
Films (English),N/A,The Guilty,Film,10/24/2021,1,4,4400000,8
Films (English),N/A,Street Kings,Film,10/24/2021,1,1,3440000,9
Films (English),N/A,Hotel Transylvania 3: Summer Vacation,Film,10/24/2021,1,4,3430000,10
Films (Non-English),N/A,The Forgotten Battle,Film,10/24/2021,1,2,25800000,1
Films (Non-English),N/A,The Trip,Film,10/24/2021,1,2,11550000,2
Films (Non-English),N/A,Stuck Together,Film,10/24/2021,1,1,9000000,3
Films (Non-English),N/A,In for a Murder,Film,10/24/2021,1,1,6520000,4
Films (Non-English),N/A,The Four of Us,Film,10/24/2021,1,1,4140000,5
Films (Non-English),N/A,"My Brother, My Sister",Film,10/24/2021,1,3,2680000,6
Films (Non-English),N/A,Grudge,Film,10/24/2021,1,3,2240000,7
Films (Non-English),N/A,Friendzone,Film,10/24/2021,1,4,1910000,8
Films (Non-English),N/A,Confessions of an Invisible Girl,Film,10/24/2021,1,5,1400000,9
Films (Non-English),N/A,Beauty and the Beast,Film,10/24/2021,1,4,1150000,10
TV (English),You: Season 3,You,TV,10/24/2021,1,2,179000000,1
TV (English),Maid: Limited Series,Maid,TV,10/24/2021,1,4,79040000,2
TV (English),You: Season 1,You,TV,10/24/2021,1,2,44810000,3
TV (English),Locke & Key: Season 2,Locke & Key,TV,10/24/2021,1,1,35530000,4
TV (English),You: Season 2,You,TV,10/24/2021,1,1,33120000,5
TV (English),Dynasty: Season 4,Dynasty,TV,10/24/2021,1,1,19970000,6
TV (English),Sex Education: Season 3,Sex Education,TV,10/24/2021,1,6,18380000,7
TV (English),CoComelon: Season 4,CoComelon,TV,10/24/2021,1,1,15930000,8
TV (English),Another Life: Season 2,Another Life,TV,10/24/2021,1,1,15760000,9
TV (English),Locke & Key: Season 1,Locke & Key,TV,10/24/2021,1,1,15710000,10
TV (Non-English),Squid Game: Season 1,Squid Game,TV,10/24/2021,1,6,147560000,1
TV (Non-English),My Name: Season 1,My Name,TV,10/24/2021,1,2,84530000,2
TV (Non-English),The Five Juanas: Season 1,The Five Juanas,TV,10/24/2021,1,3,34600000,3
TV (Non-English),Hometown Cha-Cha-Cha: Season 1,Hometown Cha-Cha-Cha,TV,10/24/2021,1,8,31840000,4
TV (Non-English),Love Is Blind: Brazil: Season 1,Love Is Blind: Brazil,TV,10/24/2021,1,2,16290000,5
TV (Non-English),Carinha de Anjo: Season 1,Carinha de Anjo,TV,10/24/2021,1,3,13930000,6
TV (Non-English),The Chestnut Man: Season 1,The Chestnut Man,TV,10/24/2021,1,4,12900000,7
TV (Non-English),Alice in Borderland: Season 1,Alice in Borderland,TV,10/24/2021,1,5,8700000,8
TV (Non-English),"Yo soy Betty, la fea: Season 1","Yo soy Betty, la fea",TV,10/24/2021,1,3,7710000,9
TV (Non-English),The King's Affection: Season 1,The King's Affection,TV,10/24/2021,1,1,6950000,10
Films (English),N/A,Venom,Film,10/17/2021,1,2,20400000,1
Films (English),N/A,The Guilty,Film,10/17/2021,1,3,12590000,2
Films (English),N/A,Security,Film,10/17/2021,1,2,9470000,3
Films (English),N/A,My Little Pony: A New Generation,Film,10/17/2021,1,4,8220000,4
Films (English),N/A,There's Someone Inside Your House,Film,10/17/2021,1,2,7380000,5
Films (English),N/A,Pokémon the Movie: Secrets of the Jungle,Film,10/17/2021,1,2,7300000,6
Films (English),N/A,Redemption,Film,10/17/2021,1,1,5800000,7
Films (English),N/A,Going in Style,Film,10/17/2021,1,1,4950000,8
Films (English),N/A,Titanic,Film,10/17/2021,1,2,4930000,9
Films (English),N/A,Knight and Day,Film,10/17/2021,1,1,4770000,10
Films (Non-English),N/A,The Forgotten Battle,Film,10/17/2021,1,1,21460000,1
Films (Non-English),N/A,"My Brother, My Sister",Film,10/17/2021,1,2,7360000,2
Films (Non-English),N/A,Grudge,Film,10/17/2021,1,2,6060000,3
Films (Non-English),N/A,Fever Dream,Film,10/17/2021,1,1,6030000,4
Films (Non-English),N/A,The Trip,Film,10/17/2021,1,1,3390000,5
Films (Non-English),N/A,Friendzone,Film,10/17/2021,1,3,3340000,6
Films (Non-English),N/A,Confessions of an Invisible Girl,Film,10/17/2021,1,4,2120000,7
Films (Non-English),N/A,Tudo por um Pop Star,Film,10/17/2021,1,1,1870000,8
Films (Non-English),N/A,Violet Evergarden the Movie,Film,10/17/2021,1,1,1800000,9
Films (Non-English),N/A,Beauty and the Beast,Film,10/17/2021,1,3,1800000,10
TV (English),You: Season 3,You,TV,10/17/2021,1,1,133120000,1
TV (English),Maid: Limited Series,Maid,TV,10/17/2021,1,3,129280000,2
TV (English),Sex Education: Season 3,Sex Education,TV,10/17/2021,1,5,28190000,3
TV (English),Shameless (U.S.): Season 11,Shameless (U.S.),TV,10/17/2021,1,1,23530000,4
TV (English),You: Season 1,You,TV,10/17/2021,1,1,23050000,5
TV (English),Midnight Mass: Limited Series,Midnight Mass,TV,10/17/2021,1,4,20940000,6
TV (English),A Tale Dark & Grimm: Season 1,A Tale Dark & Grimm,TV,10/17/2021,1,1,18730000,7
TV (English),On My Block: Season 4,On My Block,TV,10/17/2021,1,2,17360000,8
TV (English),The Baby-Sitters Club: Season 2,The Baby-Sitters Club,TV,10/17/2021,1,1,17030000,9
TV (English),Grey's Anatomy: Season 17,Grey's Anatomy,TV,10/17/2021,1,3,15990000,10
TV (Non-English),Squid Game: Season 1,Squid Game,TV,10/17/2021,1,5,258840000,1
TV (Non-English),The Five Juanas: Season 1,The Five Juanas,TV,10/17/2021,1,2,62890000,2
TV (Non-English),My Name: Season 1,My Name,TV,10/17/2021,1,1,41780000,3
TV (Non-English),Hometown Cha-Cha-Cha: Season 1,Hometown Cha-Cha-Cha,TV,10/17/2021,1,7,37740000,4
TV (Non-English),The Chestnut Man: Season 1,The Chestnut Man,TV,10/17/2021,1,3,20720000,5
TV (Non-English),Alice in Borderland: Season 1,Alice in Borderland,TV,10/17/2021,1,4,16310000,6
TV (Non-English),Love Is Blind: Brazil: Season 1,Love Is Blind: Brazil,TV,10/17/2021,1,1,13770000,7
TV (Non-English),Carinha de Anjo: Season 1,Carinha de Anjo,TV,10/17/2021,1,2,12760000,8
TV (Non-English),"Nevertheless,: Season 1","Nevertheless,",TV,10/17/2021,1,7,10080000,9
TV (Non-English),House of Secrets: The Burari Deaths: Limited Series,House of Secrets: The Burari Deaths,TV,10/17/2021,1,1,9220000,10
Films (English),N/A,The Guilty,Film,10/10/2021,1,2,42280000,1
Films (English),N/A,There's Someone Inside Your House,Film,10/10/2021,1,1,20480000,2
Films (English),N/A,Venom,Film,10/10/2021,1,1,13920000,3
Films (English),N/A,My Little Pony: A New Generation,Film,10/10/2021,1,3,13370000,4
Films (English),N/A,Titanic,Film,10/10/2021,1,1,10210000,5
Films (English),N/A,Ride Along 2,Film,10/10/2021,1,1,8020000,6
Films (English),N/A,Heat,Film,10/10/2021,1,1,7640000,7
Films (English),N/A,Pokémon the Movie: Secrets of the Jungle,Film,10/10/2021,1,1,7520000,8
Films (English),N/A,Mr. & Mrs. Smith,Film,10/10/2021,1,1,7180000,9
Films (English),N/A,Security,Film,10/10/2021,1,1,6830000,10
Films (Non-English),N/A,Friendzone,Film,10/10/2021,1,2,7210000,1
Films (Non-English),N/A,The Seven Deadly Sins: Cursed by Light,Film,10/10/2021,1,2,4070000,2
Films (Non-English),N/A,Sounds Like Love,Film,10/10/2021,1,2,3600000,3
Films (Non-English),N/A,Confessions of an Invisible Girl,Film,10/10/2021,1,3,2730000,4
Films (Non-English),N/A,Forever Rich,Film,10/10/2021,1,1,2540000,5
Films (Non-English),N/A,Thalaivii,Film,10/10/2021,1,2,2110000,6
Films (Non-English),N/A,Grudge,Film,10/10/2021,1,1,1940000,7
Films (Non-English),N/A,Luccas Neto em: O Mapa do Tesouro 2,Film,10/10/2021,1,1,1830000,8
Films (Non-English),N/A,Beauty and the Beast,Film,10/10/2021,1,2,1790000,9
Films (Non-English),N/A,"My Brother, My Sister",Film,10/10/2021,1,1,1670000,10
TV (English),Maid: Limited Series,Maid,TV,10/10/2021,1,2,166520000,1
TV (English),On My Block: Season 4,On My Block,TV,10/10/2021,1,1,63520000,2
TV (English),Sex Education: Season 3,Sex Education,TV,10/10/2021,1,4,42120000,3
TV (English),Grey's Anatomy: Season 17,Grey's Anatomy,TV,10/10/2021,1,2,29650000,4
TV (English),Midnight Mass: Limited Series,Midnight Mass,TV,10/10/2021,1,3,29020000,5
TV (English),PAW Patrol: Season 6,PAW Patrol,TV,10/10/2021,1,1,19910000,6
TV (English),Lucifer: Season 6,Lucifer,TV,10/10/2021,1,5,16730000,7
TV (English),N/A,Dave Chappelle: The Closer,TV,10/10/2021,1,1,14350000,8
TV (English),Sex Education: Season 2,Sex Education,TV,10/10/2021,1,3,12760000,9
TV (English),Scaredy Cats: Season 1,Scaredy Cats,TV,10/10/2021,1,1,12520000,10
TV (Non-English),Squid Game: Season 1,Squid Game,TV,10/10/2021,1,4,412940000,1
TV (Non-English),The Five Juanas: Season 1,The Five Juanas,TV,10/10/2021,1,1,39460000,2
TV (Non-English),Hometown Cha-Cha-Cha: Season 1,Hometown Cha-Cha-Cha,TV,10/10/2021,1,6,32890000,3
TV (Non-English),The Chestnut Man: Season 1,The Chestnut Man,TV,10/10/2021,1,2,30300000,4
TV (Non-English),Alice in Borderland: Season 1,Alice in Borderland,TV,10/10/2021,1,3,22220000,5
TV (Non-English),Baki Hanma: Season 1,Baki Hanma,TV,10/10/2021,1,2,14560000,6
TV (Non-English),Ganglands: Season 1,Ganglands,TV,10/10/2021,1,3,11210000,7
TV (Non-English),Carinha de Anjo: Season 1,Carinha de Anjo,TV,10/10/2021,1,1,10240000,8
TV (Non-English),Money Heist: Part 5,Money Heist,TV,10/10/2021,1,6,9730000,9
TV (Non-English),"Nevertheless,: Season 1","Nevertheless,",TV,10/10/2021,1,6,8570000,10
Films (English),N/A,The Guilty,Film,10/3/2021,1,1,47600000,1
Films (English),N/A,My Little Pony: A New Generation,Film,10/3/2021,1,2,24510000,2
Films (English),N/A,The Starling,Film,10/3/2021,1,2,20130000,3
Films (English),N/A,No One Gets Out Alive,Film,10/3/2021,1,1,17010000,4
Films (English),N/A,Britney Vs Spears,Film,10/3/2021,1,1,16750000,5
Films (English),N/A,Intrusion,Film,10/3/2021,1,2,12050000,6
Films (English),N/A,Grown Ups,Film,10/3/2021,1,2,8130000,7
Films (English),N/A,Kate,Film,10/3/2021,1,4,5680000,8
Films (English),N/A,Man on Fire,Film,10/3/2021,1,3,4960000,9
Films (English),N/A,Vivo,Film,10/3/2021,1,7,4160000,10
Films (Non-English),N/A,Friendzone,Film,10/3/2021,1,1,8740000,1
Films (Non-English),N/A,Sounds Like Love,Film,10/3/2021,1,1,7100000,2
Films (Non-English),N/A,Confessions of an Invisible Girl,Film,10/3/2021,1,2,6350000,3
Films (Non-English),N/A,The Seven Deadly Sins: Cursed by Light,Film,10/3/2021,1,1,4650000,4
Films (Non-English),N/A,Thalaivii,Film,10/3/2021,1,1,3120000,5
Films (Non-English),N/A,The Father Who Moves Mountains,Film,10/3/2021,1,3,2940000,6
Films (Non-English),N/A,Beauty and the Beast,Film,10/3/2021,1,1,2740000,7
Films (Non-English),N/A,Je Suis Karl,Film,10/3/2021,1,1,2140000,8
Films (Non-English),N/A,The Stronghold,Film,10/3/2021,1,3,1840000,9
Films (Non-English),N/A,Freaks – You're One of Us,Film,10/3/2021,1,1,1450000,10
TV (English),Sex Education: Season 3,Sex Education,TV,10/3/2021,1,3,72870000,1
TV (English),Maid: Limited Series,Maid,TV,10/3/2021,1,1,61080000,2
TV (English),Midnight Mass: Limited Series,Midnight Mass,TV,10/3/2021,1,2,59120000,3
TV (English),Lucifer: Season 6,Lucifer,TV,10/3/2021,1,4,25110000,4
TV (English),Grey's Anatomy: Season 17,Grey's Anatomy,TV,10/3/2021,1,1,18680000,5
TV (English),Sex Education: Season 1,Sex Education,TV,10/3/2021,1,3,18420000,6
TV (English),Sex Education: Season 2,Sex Education,TV,10/3/2021,1,2,18140000,7
TV (English),Blood & Water: Season 2,Blood & Water,TV,10/3/2021,1,1,15870000,8
TV (English),Clickbait: Limited Series,Clickbait,TV,10/3/2021,1,6,13210000,9
TV (English),CoComelon: Season 3,CoComelon,TV,10/3/2021,1,5,10690000,10
TV (Non-English),Squid Game: Season 1,Squid Game,TV,10/3/2021,1,3,571760000,1
TV (Non-English),The Chestnut Man: Season 1,The Chestnut Man,TV,10/3/2021,1,1,31380000,2
TV (Non-English),Hometown Cha-Cha-Cha: Season 1,Hometown Cha-Cha-Cha,TV,10/3/2021,1,5,28330000,3
TV (Non-English),Ganglands: Season 1,Ganglands,TV,10/3/2021,1,2,27030000,4
TV (Non-English),Alice in Borderland: Season 1,Alice in Borderland,TV,10/3/2021,1,2,26280000,5
TV (Non-English),Baki Hanma: Season 1,Baki Hanma,TV,10/3/2021,1,1,20090000,6
TV (Non-English),Money Heist: Part 5,Money Heist,TV,10/3/2021,1,5,14250000,7
TV (Non-English),The Seven Deadly Sins: Dragon's Judgement,The Seven Deadly Sins,TV,10/3/2021,1,4,13420000,8
TV (Non-English),Love 101: Season 2,Love 101,TV,10/3/2021,1,1,12600000,9
TV (Non-English),Money Heist: Part 1,Money Heist,TV,10/3/2021,1,5,9370000,10
Films (English),N/A,Intrusion,Film,9/26/2021,1,1,30040000,1
Films (English),N/A,The Starling,Film,9/26/2021,1,1,16670000,2
Films (English),N/A,My Little Pony: A New Generation,Film,9/26/2021,1,1,15510000,3
Films (English),N/A,Man on Fire,Film,9/26/2021,1,2,12590000,4
Films (English),N/A,Kate,Film,9/26/2021,1,3,11280000,5
Films (English),N/A,Grown Ups,Film,9/26/2021,1,1,9250000,6
Films (English),N/A,Schumacher,Film,9/26/2021,1,2,8040000,7
Films (English),N/A,Nightbooks,Film,9/26/2021,1,2,6790000,8
Films (English),N/A,Safe House,Film,9/26/2021,1,2,6230000,9
Films (English),N/A,The Marksman,Film,9/26/2021,1,2,5210000,10
Films (Non-English),N/A,The Father Who Moves Mountains,Film,9/26/2021,1,2,16120000,1
Films (Non-English),N/A,The Stronghold,Film,9/26/2021,1,2,9490000,2
Films (Non-English),N/A,Confessions of an Invisible Girl,Film,9/26/2021,1,1,7130000,3
Films (Non-English),N/A,Prey,Film,9/26/2021,1,3,2330000,4
Films (Non-English),N/A,Forgotten We'll Be,Film,9/26/2021,1,1,1580000,5
Films (Non-English),N/A,Ankahi Kahaniya,Film,9/26/2021,1,1,1260000,6
Films (Non-English),N/A,Blood Red Sky,Film,9/26/2021,1,9,1120000,7
Films (Non-English),N/A,Pinkfong & Baby Shark's Space Adventure,Film,9/26/2021,1,2,1050000,8
Films (Non-English),N/A,Xtreme,Film,9/26/2021,1,3,1030000,9
Films (Non-English),N/A,Rurouni Kenshin: The Beginning,Film,9/26/2021,1,7,930000,10
TV (English),Sex Education: Season 3,Sex Education,TV,9/26/2021,1,2,160420000,1
TV (English),Lucifer: Season 6,Lucifer,TV,9/26/2021,1,3,42990000,2
TV (English),Midnight Mass: Limited Series,Midnight Mass,TV,9/26/2021,1,1,33200000,3
TV (English),Sex Education: Season 1,Sex Education,TV,9/26/2021,1,2,27380000,4
TV (English),Clickbait: Limited Series,Clickbait,TV,9/26/2021,1,5,22150000,5
TV (English),Sex Education: Season 2,Sex Education,TV,9/26/2021,1,1,22030000,6
TV (English),The Circle: Season 3,The Circle,TV,9/26/2021,1,2,15850000,7
TV (English),Monsters Inside: The 24 Faces of Billy Milligan: Limited Series,Monsters Inside: The 24 Faces of Billy Milligan,TV,9/26/2021,1,1,15150000,8
TV (English),Good Girls: Season 4,Good Girls,TV,9/26/2021,1,4,12920000,9
TV (English),Lucifer: Season 5,Lucifer,TV,9/26/2021,1,5,12180000,10
TV (Non-English),Squid Game: Season 1,Squid Game,TV,9/26/2021,1,2,448730000,1
TV (Non-English),Hometown Cha-Cha-Cha: Season 1,Hometown Cha-Cha-Cha,TV,9/26/2021,1,4,23360000,2
TV (Non-English),Money Heist: Part 5,Money Heist,TV,9/26/2021,1,4,21830000,3
TV (Non-English),Ganglands: Season 1,Ganglands,TV,9/26/2021,1,1,16260000,4
TV (Non-English),The Seven Deadly Sins: Dragon's Judgement,The Seven Deadly Sins,TV,9/26/2021,1,3,14020000,5
TV (Non-English),Money Heist: Part 1,Money Heist,TV,9/26/2021,1,4,12150000,6
TV (Non-English),Jaguar: Season 1,Jaguar,TV,9/26/2021,1,1,11620000,7
TV (Non-English),Alice in Borderland: Season 1,Alice in Borderland,TV,9/26/2021,1,1,10890000,8
TV (Non-English),Money Heist: Part 4,Money Heist,TV,9/26/2021,1,4,8680000,9
TV (Non-English),"Newly Rich, Newly Poor: Season 1","Newly Rich, Newly Poor",TV,9/26/2021,1,13,8410000,10
Films (English),N/A,Kate,Film,9/19/2021,1,2,37400000,1
Films (English),N/A,Schumacher,Film,9/19/2021,1,1,17290000,2
Films (English),N/A,Man on Fire,Film,9/19/2021,1,1,16160000,3
Films (English),N/A,The Marksman,Film,9/19/2021,1,1,14680000,4
Films (English),N/A,Nightbooks,Film,9/19/2021,1,1,13160000,5
Films (English),N/A,The Equalizer 2,Film,9/19/2021,1,1,12270000,6
Films (English),N/A,Firedrake the Silver Dragon,Film,9/19/2021,1,1,9650000,7
Films (English),N/A,Safe House,Film,9/19/2021,1,1,8170000,8
Films (English),N/A,Afterlife of the Party,Film,9/19/2021,1,3,8100000,9
Films (English),N/A,First Kill,Film,9/19/2021,1,1,6950000,10
Films (Non-English),N/A,The Father Who Moves Mountains,Film,9/19/2021,1,1,14830000,1
Films (Non-English),N/A,Prey,Film,9/19/2021,1,2,14270000,2
Films (Non-English),N/A,The Stronghold,Film,9/19/2021,1,1,10360000,3
Films (Non-English),N/A,JJ+E,Film,9/19/2021,1,2,3140000,4
Films (Non-English),N/A,O Candidato Honesto 2,Film,9/19/2021,1,1,2610000,5
Films (Non-English),N/A,Ilhados,Film,9/19/2021,1,1,2240000,6
Films (Non-English),N/A,Love of My Loves,Film,9/19/2021,1,2,1880000,7
Films (Non-English),N/A,Kung Fu Hustle,Film,9/19/2021,1,2,1800000,8
Films (Non-English),N/A,The Women and the Murderer,Film,9/19/2021,1,2,1470000,9
Films (Non-English),N/A,Amores perros,Film,9/19/2021,1,1,1450000,10
TV (English),Sex Education: Season 3,Sex Education,TV,9/19/2021,1,1,125770000,1
TV (English),Lucifer: Season 6,Lucifer,TV,9/19/2021,1,2,98140000,2
TV (English),Clickbait: Limited Series,Clickbait,TV,9/19/2021,1,4,35020000,3
TV (English),Good Girls: Season 4,Good Girls,TV,9/19/2021,1,3,19310000,4
TV (English),Turning Point: 9/11 and the War on Terror: Season 1,Turning Point: 9/11 and the War on Terror,TV,9/19/2021,1,3,18720000,5
TV (English),Lucifer: Season 5,Lucifer,TV,9/19/2021,1,4,16240000,6
TV (English),Sex Education: Season 1,Sex Education,TV,9/19/2021,1,1,14880000,7
TV (English),The Circle: Season 3,The Circle,TV,9/19/2021,1,1,14350000,8
TV (English),Sharkdog: Season 1,Sharkdog,TV,9/19/2021,1,2,14180000,9
TV (English),Lucifer: Season 1,Lucifer,TV,9/19/2021,1,1,11560000,10
TV (Non-English),Squid Game: Season 1,Squid Game,TV,9/19/2021,1,1,63190000,1
TV (Non-English),Money Heist: Part 5,Money Heist,TV,9/19/2021,1,3,39910000,2
TV (Non-English),Money Heist: Part 1,Money Heist,TV,9/19/2021,1,3,19340000,3
TV (Non-English),Hometown Cha-Cha-Cha: Season 1,Hometown Cha-Cha-Cha,TV,9/19/2021,1,3,18580000,4
TV (Non-English),Hospital Playlist: Season 2,Hospital Playlist,TV,9/19/2021,1,7,13050000,5
TV (Non-English),Money Heist: Part 4,Money Heist,TV,9/19/2021,1,3,12270000,6
TV (Non-English),Money Heist: Part 2,Money Heist,TV,9/19/2021,1,2,11940000,7
TV (Non-English),Money Heist: Part 3,Money Heist,TV,9/19/2021,1,3,11490000,8
TV (Non-English),"Newly Rich, Newly Poor: Season 1","Newly Rich, Newly Poor",TV,9/19/2021,1,12,9320000,9
TV (Non-English),N/A,Carrossel,TV,9/19/2021,1,10,7870000,10
Films (English),N/A,Kate,Film,9/12/2021,1,1,38780000,1
Films (English),N/A,Afterlife of the Party,Film,9/12/2021,1,2,23790000,2
Films (English),N/A,Worth,Film,9/12/2021,1,2,13560000,3
Films (English),N/A,He's All That,Film,9/12/2021,1,3,10930000,4
Films (English),N/A,SAS: Rise of the Black Swan,Film,9/12/2021,1,3,9930000,5
Films (English),N/A,In Time,Film,9/12/2021,1,2,8930000,6
Films (English),N/A,Noah,Film,9/12/2021,1,1,7770000,7
Films (English),N/A,Vivo,Film,9/12/2021,1,6,6960000,8
Films (English),N/A,Sweet Girl,Film,9/12/2021,1,4,6570000,9
Films (English),N/A,Monte Carlo,Film,9/12/2021,1,1,6200000,10
Films (Non-English),N/A,Prey,Film,9/12/2021,1,1,13440000,1
Films (Non-English),N/A,JJ+E,Film,9/12/2021,1,1,5410000,2
Films (Non-English),N/A,Kung Fu Hustle,Film,9/12/2021,1,1,3250000,3
Films (Non-English),N/A,Invasion,Film,9/12/2021,1,2,2990000,4
Films (Non-English),N/A,The Women and the Murderer,Film,9/12/2021,1,1,2060000,5
Films (Non-English),N/A,Blood Red Sky,Film,9/12/2021,1,8,1780000,6
Films (Non-English),N/A,Love of My Loves,Film,9/12/2021,1,1,1530000,7
Films (Non-English),N/A,The Secret Diary of an Exchange Student,Film,9/12/2021,1,4,1450000,8
Films (Non-English),N/A,Out of my league,Film,9/12/2021,1,4,1440000,9
Films (Non-English),N/A,Lassie Come Home,Film,9/12/2021,1,1,1410000,10
TV (English),Lucifer: Season 6,Lucifer,TV,9/12/2021,1,1,75940000,1
TV (English),Clickbait: Limited Series,Clickbait,TV,9/12/2021,1,3,54420000,2
TV (English),Turning Point: 9/11 and the War on Terror: Season 1,Turning Point: 9/11 and the War on Terror,TV,9/12/2021,1,2,37910000,3
TV (English),Good Girls: Season 4,Good Girls,TV,9/12/2021,1,2,31750000,4
TV (English),Sharkdog: Season 1,Sharkdog,TV,9/12/2021,1,1,19590000,5
TV (English),The 100: Season 7,The 100,TV,9/12/2021,1,2,12990000,6
TV (English),Lucifer: Season 5,Lucifer,TV,9/12/2021,1,3,12260000,7
TV (English),Octonauts: Above & Beyond: Season 1,Octonauts: Above & Beyond,TV,9/12/2021,1,1,11730000,8
TV (English),Dive Club: Season 1,Dive Club,TV,9/12/2021,1,1,11480000,9
TV (English),Manifest: Season 3,Manifest,TV,9/12/2021,1,3,11150000,10
TV (Non-English),Money Heist: Part 5,Money Heist,TV,9/12/2021,1,2,123170000,1
TV (Non-English),Money Heist: Part 1,Money Heist,TV,9/12/2021,1,2,38030000,2
TV (Non-English),Money Heist: Part 2,Money Heist,TV,9/12/2021,1,1,16720000,3
TV (Non-English),Money Heist: Part 4,Money Heist,TV,9/12/2021,1,2,16720000,4
TV (Non-English),Hometown Cha-Cha-Cha: Season 1,Hometown Cha-Cha-Cha,TV,9/12/2021,1,2,14870000,5
TV (Non-English),Money Heist: Part 3,Money Heist,TV,9/12/2021,1,2,14410000,6
TV (Non-English),Hospital Playlist: Season 2,Hospital Playlist,TV,9/12/2021,1,6,11590000,7
TV (Non-English),Into the Night: Season 2,Into the Night,TV,9/12/2021,1,1,10630000,8
TV (Non-English),"Newly Rich, Newly Poor: Season 1","Newly Rich, Newly Poor",TV,9/12/2021,1,11,10350000,9
TV (Non-English),Hotel Del Luna: Season 1,Hotel Del Luna,TV,9/12/2021,1,1,9980000,10
Films (English),N/A,He's All That,Film,9/5/2021,1,2,36730000,1
Films (English),N/A,SAS: Rise of the Black Swan,Film,9/5/2021,1,2,32730000,2
Films (English),N/A,Afterlife of the Party,Film,9/5/2021,1,1,26710000,3
Films (English),N/A,Sweet Girl,Film,9/5/2021,1,3,13390000,4
Films (English),N/A,Vivo,Film,9/5/2021,1,5,9380000,5
Films (English),N/A,The Loud House Movie,Film,9/5/2021,1,3,6640000,6
Films (English),N/A,Worth,Film,9/5/2021,1,1,6480000,7
Films (English),N/A,The Secret Life of Pets,Film,9/5/2021,1,3,6450000,8
Films (English),N/A,In Time,Film,9/5/2021,1,1,6220000,9
Films (English),N/A,Green Lantern,Film,9/5/2021,1,1,6060000,10
Films (Non-English),N/A,Invasion,Film,9/5/2021,1,1,7340000,1
Films (Non-English),N/A,Out of my league,Film,9/5/2021,1,3,2270000,2
Films (Non-English),N/A,The Secret Diary of an Exchange Student,Film,9/5/2021,1,3,2100000,3
Films (Non-English),N/A,Blood Red Sky,Film,9/5/2021,1,7,2080000,4
Films (Non-English),N/A,Flu,Film,9/5/2021,1,1,1830000,5
Films (Non-English),N/A,Black Island,Film,9/5/2021,1,3,1420000,6
Films (Non-English),N/A,Rurouni Kenshin: The Beginning,Film,9/5/2021,1,6,1330000,7
Films (Non-English),N/A,Thimmarusu,Film,9/5/2021,1,1,1220000,8
Films (Non-English),N/A,I Don't Know Whether to Slit My Wrists or Leave Them Long,Film,9/5/2021,1,1,1130000,9
Films (Non-English),N/A,Pinkfong & Baby Shark's Space Adventure,Film,9/5/2021,1,1,1120000,10
TV (English),Clickbait: Limited Series,Clickbait,TV,9/5/2021,1,2,76540000,1
TV (English),Good Girls: Season 4,Good Girls,TV,9/5/2021,1,1,37580000,2
TV (English),Turning Point: 9/11 and the War on Terror: Season 1,Turning Point: 9/11 and the War on Terror,TV,9/5/2021,1,1,24050000,3
TV (English),Manifest: Season 3,Manifest,TV,9/5/2021,1,2,15660000,4
TV (English),The 100: Season 7,The 100,TV,9/5/2021,1,1,13590000,5
TV (English),Outer Banks: Season 2,Outer Banks,TV,9/5/2021,1,6,12910000,6
TV (English),CoComelon: Season 3,CoComelon,TV,9/5/2021,1,4,11050000,7
TV (English),Manifest: Season 1,Manifest,TV,9/5/2021,1,6,10320000,8
TV (English),Good Girls: Season 1,Good Girls,TV,9/5/2021,1,1,9590000,9
TV (English),CoComelon: Season 1,CoComelon,TV,9/5/2021,1,1,9140000,10
TV (Non-English),Money Heist: Part 5,Money Heist,TV,9/5/2021,1,1,201910000,1
TV (Non-English),Money Heist: Part 1,Money Heist,TV,9/5/2021,1,1,22710000,2
TV (Non-English),D.P.: Season 1,D.P.,TV,9/5/2021,1,2,19170000,3
TV (Non-English),Money Heist: Part 4,Money Heist,TV,9/5/2021,1,1,14870000,4
TV (Non-English),The Snitch Cartel: Origins: Season 1,The Snitch Cartel: Origins,TV,9/5/2021,1,6,11530000,5
TV (Non-English),"Newly Rich, Newly Poor: Season 1","Newly Rich, Newly Poor",TV,9/5/2021,1,10,11100000,6
TV (Non-English),Hometown Cha-Cha-Cha: Season 1,Hometown Cha-Cha-Cha,TV,9/5/2021,1,1,9630000,7
TV (Non-English),N/A,Carrossel,TV,9/5/2021,1,9,9010000,8
TV (Non-English),"Yo soy Betty, la fea: Season 1","Yo soy Betty, la fea",TV,9/5/2021,1,2,7200000,9
TV (Non-English),Money Heist: Part 3,Money Heist,TV,9/5/2021,1,1,7070000,10
Films (English),N/A,Sweet Girl,Film,8/29/2021,1,2,48140000,1
Films (English),N/A,He's All That,Film,8/29/2021,1,1,42810000,2
Films (English),N/A,SAS: Rise of the Black Swan,Film,8/29/2021,1,1,35650000,3
Films (English),N/A,The Loud House Movie,Film,8/29/2021,1,2,16910000,4
Films (English),N/A,The Old Ways,Film,8/29/2021,1,1,13720000,5
Films (English),N/A,Vivo,Film,8/29/2021,1,4,13430000,6
Films (English),N/A,The Witcher: Nightmare of the Wolf,Film,8/29/2021,1,1,13300000,7
Films (English),N/A,The Secret Life of Pets,Film,8/29/2021,1,2,10860000,8
Films (English),N/A,The Kissing Booth 3,Film,8/29/2021,1,3,9560000,9
Films (English),N/A,Tomb Raider,Film,8/29/2021,1,1,8430000,10
Films (Non-English),N/A,Black Island,Film,8/29/2021,1,2,6570000,1
Films (Non-English),N/A,Out of my league,Film,8/29/2021,1,2,5790000,2
Films (Non-English),N/A,The Secret Diary of an Exchange Student,Film,8/29/2021,1,2,5090000,3
Films (Non-English),N/A,Blood Red Sky,Film,8/29/2021,1,6,3020000,4
Films (Non-English),N/A,Rurouni Kenshin: The Beginning,Film,8/29/2021,1,5,2280000,5
Films (Non-English),N/A,The Last Mercenary,Film,8/29/2021,1,5,2000000,6
Films (Non-English),N/A,El infierno,Film,8/29/2021,1,4,1560000,7
Films (Non-English),N/A,Mimi,Film,8/29/2021,1,5,1510000,8
Films (Non-English),N/A,Bartkowiak,Film,8/29/2021,1,3,1460000,9
Films (Non-English),N/A,Shiny_Flakes: The Teenage Drug Lord,Film,8/29/2021,1,4,1440000,10
TV (English),Clickbait: Limited Series,Clickbait,TV,8/29/2021,1,1,51280000,1
TV (English),Outer Banks: Season 2,Outer Banks,TV,8/29/2021,1,5,20790000,2
TV (English),Manifest: Season 3,Manifest,TV,8/29/2021,1,1,17740000,3
TV (English),The Chair: Season 1,The Chair,TV,8/29/2021,1,1,14020000,4
TV (English),Outer Banks: Season 1,Outer Banks,TV,8/29/2021,1,5,13860000,5
TV (English),Manifest: Season 1,Manifest,TV,8/29/2021,1,5,12410000,6
TV (English),For Life: Season 1,For Life,TV,8/29/2021,1,3,11180000,7
TV (English),CoComelon: Season 3,CoComelon,TV,8/29/2021,1,3,11030000,8
TV (English),All American: Season 3,All American,TV,8/29/2021,1,5,10480000,9
TV (English),Hit & Run: Season 1,Hit & Run,TV,8/29/2021,1,4,10090000,10
TV (Non-English),The Snitch Cartel: Origins: Season 1,The Snitch Cartel: Origins,TV,8/29/2021,1,5,15480000,1
TV (Non-English),"Newly Rich, Newly Poor: Season 1","Newly Rich, Newly Poor",TV,8/29/2021,1,9,12120000,2
TV (Non-English),AlRawabi School for Girls: Limited Series,AlRawabi School for Girls,TV,8/29/2021,1,3,11500000,3
TV (Non-English),Hospital Playlist: Season 2,Hospital Playlist,TV,8/29/2021,1,5,10980000,4
TV (Non-English),N/A,Carrossel,TV,8/29/2021,1,8,9750000,5
TV (Non-English),Valeria: Season 2,Valeria,TV,8/29/2021,1,3,9020000,6
TV (Non-English),D.P.: Season 1,D.P.,TV,8/29/2021,1,1,8430000,7
TV (Non-English),Open Your Eyes: Season 1,Open Your Eyes,TV,8/29/2021,1,1,8220000,8
TV (Non-English),The Cook of Castamar: Season 1,The Cook of Castamar,TV,8/29/2021,1,8,7550000,9
TV (Non-English),"Yo soy Betty, la fea: Season 1","Yo soy Betty, la fea",TV,8/29/2021,1,1,7340000,10
Films (English),N/A,Sweet Girl,Film,8/22/2021,1,1,57160000,1
Films (English),N/A,The Kissing Booth 3,Film,8/22/2021,1,2,26170000,2
Films (English),N/A,Beckett,Film,8/22/2021,1,2,23870000,3
Films (English),N/A,Vivo,Film,8/22/2021,1,3,21960000,4
Films (English),N/A,The Loud House Movie,Film,8/22/2021,1,1,13860000,5
Films (English),N/A,The Secret Life of Pets,Film,8/22/2021,1,1,10110000,6
Films (English),N/A,Hotel Transylvania 3: Summer Vacation,Film,8/22/2021,1,3,8550000,7
Films (English),N/A,Alvin and the Chipmunks: Chipwrecked,Film,8/22/2021,1,1,6870000,8
Films (English),N/A,The Girl Next Door,Film,8/22/2021,1,1,6480000,9
Films (English),N/A,Resort to Love,Film,8/22/2021,1,4,6320000,10
Films (Non-English),N/A,Black Island,Film,8/22/2021,1,1,17330000,1
Films (Non-English),N/A,The Secret Diary of an Exchange Student,Film,8/22/2021,1,1,7910000,2
Films (Non-English),N/A,Out of my league,Film,8/22/2021,1,1,7120000,3
Films (Non-English),N/A,Blood Red Sky,Film,8/22/2021,1,5,4520000,4
Films (Non-English),N/A,Rurouni Kenshin: The Beginning,Film,8/22/2021,1,4,3630000,5
Films (Non-English),N/A,The Last Mercenary,Film,8/22/2021,1,4,3340000,6
Films (Non-English),N/A,Sputnik,Film,8/22/2021,1,1,3290000,7
Films (Non-English),N/A,El infierno,Film,8/22/2021,1,3,2650000,8
Films (Non-English),N/A,Mimi,Film,8/22/2021,1,4,2340000,9
Films (Non-English),N/A,Shiny_Flakes: The Teenage Drug Lord,Film,8/22/2021,1,3,2250000,10
TV (English),Outer Banks: Season 2,Outer Banks,TV,8/22/2021,1,4,31800000,1
TV (English),Hit & Run: Season 1,Hit & Run,TV,8/22/2021,1,3,20660000,2
TV (English),Outer Banks: Season 1,Outer Banks,TV,8/22/2021,1,4,20300000,3
TV (English),All American: Season 3,All American,TV,8/22/2021,1,4,14990000,4
TV (English),For Life: Season 1,For Life,TV,8/22/2021,1,2,14540000,5
TV (English),Bake Squad: Season 1,Bake Squad,TV,8/22/2021,1,1,13220000,6
TV (English),Gabby's Dollhouse: Season 2,Gabby's Dollhouse,TV,8/22/2021,1,2,12180000,7
TV (English),Brand New Cherry Flavor: Limited Series,Brand New Cherry Flavor,TV,8/22/2021,1,1,11140000,8
TV (English),CoComelon: Season 3,CoComelon,TV,8/22/2021,1,2,10990000,9
TV (English),The Good Doctor: Season 1,The Good Doctor,TV,8/22/2021,1,6,10430000,10
TV (Non-English),The Snitch Cartel: Origins: Season 1,The Snitch Cartel: Origins,TV,8/22/2021,1,4,19260000,1
TV (Non-English),AlRawabi School for Girls: Limited Series,AlRawabi School for Girls,TV,8/22/2021,1,2,18070000,2
TV (Non-English),Valeria: Season 2,Valeria,TV,8/22/2021,1,2,15640000,3
TV (Non-English),Gone for Good: Limited Series,Gone for Good,TV,8/22/2021,1,2,14920000,4
TV (Non-English),"Newly Rich, Newly Poor: Season 1","Newly Rich, Newly Poor",TV,8/22/2021,1,8,12080000,5
TV (Non-English),Hospital Playlist: Season 2,Hospital Playlist,TV,8/22/2021,1,4,10340000,6
TV (Non-English),N/A,Carrossel,TV,8/22/2021,1,7,9860000,7
TV (Non-English),"Nevertheless,: Season 1","Nevertheless,",TV,8/22/2021,1,5,9030000,8
TV (Non-English),The Cook of Castamar: Season 1,The Cook of Castamar,TV,8/22/2021,1,7,8820000,9
TV (Non-English),Control Z: Season 2,Control Z,TV,8/22/2021,1,3,8250000,10
Films (English),N/A,The Kissing Booth 3,Film,8/15/2021,1,1,90860000,1
Films (English),N/A,Vivo,Film,8/15/2021,1,2,37050000,2
Films (English),N/A,Beckett,Film,8/15/2021,1,1,23580000,3
Films (English),N/A,Hotel Transylvania 3: Summer Vacation,Film,8/15/2021,1,2,21460000,4
Films (English),N/A,Aftermath,Film,8/15/2021,1,2,15870000,5
Films (English),N/A,Resort to Love,Film,8/15/2021,1,3,9860000,6
Films (English),N/A,The Kissing Booth,Film,8/15/2021,1,1,8590000,7
Films (English),N/A,The Kissing Booth 2,Film,8/15/2021,1,1,8370000,8
Films (English),N/A,Dead Man Down,Film,8/15/2021,1,2,7580000,9
Films (English),N/A,Untold: Malice at the Palace,Film,8/15/2021,1,1,6450000,10
Films (Non-English),N/A,The Swarm,Film,8/15/2021,1,2,11470000,1
Films (Non-English),N/A,The Last Mercenary,Film,8/15/2021,1,3,7570000,2
Films (Non-English),N/A,Rurouni Kenshin: The Beginning,Film,8/15/2021,1,3,6550000,3
Films (Non-English),N/A,Blood Red Sky,Film,8/15/2021,1,4,6470000,4
Films (Non-English),N/A,El infierno,Film,8/15/2021,1,2,4890000,5
Films (Non-English),N/A,Mimi,Film,8/15/2021,1,3,3630000,6
Films (Non-English),N/A,Shiny_Flakes: The Teenage Drug Lord,Film,8/15/2021,1,2,3440000,7
Films (Non-English),N/A,Rurouni Kenshin: The Final,Film,8/15/2021,1,3,2820000,8
Films (Non-English),Navarasa: Volume 1,Navarasa,Film,8/15/2021,1,2,2800000,9
Films (Non-English),N/A,Kingdom: Ashin of the North,Film,8/15/2021,1,4,2190000,10
TV (English),Outer Banks: Season 2,Outer Banks,TV,8/15/2021,1,3,51600000,1
TV (English),Hit & Run: Season 1,Hit & Run,TV,8/15/2021,1,2,45190000,2
TV (English),Outer Banks: Season 1,Outer Banks,TV,8/15/2021,1,3,30390000,3
TV (English),All American: Season 3,All American,TV,8/15/2021,1,3,20870000,4
TV (English),Cocaine Cowboys: The Kings of Miami: Limited Series,Cocaine Cowboys: The Kings of Miami,TV,8/15/2021,1,2,13870000,5
TV (English),For Life: Season 1,For Life,TV,8/15/2021,1,1,13790000,6
TV (English),Virgin River: Season 3,Virgin River,TV,8/15/2021,1,6,13220000,7
TV (English),Gabby's Dollhouse: Season 2,Gabby's Dollhouse,TV,8/15/2021,1,1,13170000,8
TV (English),Sex/Life: Season 1,Sex/Life,TV,8/15/2021,1,7,12190000,9
TV (English),The Good Doctor: Season 1,The Good Doctor,TV,8/15/2021,1,5,11810000,10
TV (Non-English),The Snitch Cartel: Origins: Season 1,The Snitch Cartel: Origins,TV,8/15/2021,1,3,23830000,1
TV (Non-English),Control Z: Season 2,Control Z,TV,8/15/2021,1,2,16400000,2
TV (Non-English),SHAMAN KING: Season 1,SHAMAN KING,TV,8/15/2021,1,1,12970000,3
TV (Non-English),"Newly Rich, Newly Poor: Season 1","Newly Rich, Newly Poor",TV,8/15/2021,1,7,12750000,4
TV (Non-English),The Cook of Castamar: Season 1,The Cook of Castamar,TV,8/15/2021,1,6,11950000,5
TV (Non-English),AlRawabi School for Girls: Limited Series,AlRawabi School for Girls,TV,8/15/2021,1,1,11620000,6
TV (Non-English),N/A,Carrossel,TV,8/15/2021,1,6,10640000,7
TV (Non-English),Gone for Good: Limited Series,Gone for Good,TV,8/15/2021,1,1,9750000,8
TV (Non-English),Valeria: Season 2,Valeria,TV,8/15/2021,1,1,9600000,9
TV (Non-English),Hospital Playlist: Season 2,Hospital Playlist,TV,8/15/2021,1,3,9500000,10
Films (English),N/A,Aftermath,Film,8/8/2021,1,1,24200000,1
Films (English),N/A,Resort to Love,Film,8/8/2021,1,2,23480000,2
Films (English),N/A,Vivo,Film,8/8/2021,1,1,21940000,3
Films (English),N/A,The Vault,Film,8/8/2021,1,1,10870000,4
Films (English),N/A,The Last Letter From Your Lover,Film,8/8/2021,1,3,6850000,5
Films (English),N/A,Hotel Transylvania 3: Summer Vacation,Film,8/8/2021,1,1,6250000,6
Films (English),N/A,Dead Man Down,Film,8/8/2021,1,1,5840000,7
Films (English),N/A,Wish Dragon,Film,8/8/2021,1,5,5150000,8
Films (English),N/A,World Trade Center,Film,8/8/2021,1,1,4870000,9
Films (English),N/A,The 2nd,Film,8/8/2021,1,1,4390000,10
Films (Non-English),N/A,The Last Mercenary,Film,8/8/2021,1,2,23890000,1
Films (Non-English),N/A,Rurouni Kenshin: The Beginning,Film,8/8/2021,1,2,15080000,2
Films (Non-English),N/A,Blood Red Sky,Film,8/8/2021,1,3,13300000,3
Films (Non-English),N/A,The Swarm,Film,8/8/2021,1,1,11380000,4
Films (Non-English),N/A,Mimi,Film,8/8/2021,1,2,5140000,5
Films (Non-English),N/A,Bartkowiak,Film,8/8/2021,1,2,4570000,6
Films (Non-English),N/A,El infierno,Film,8/8/2021,1,1,4420000,7
Films (Non-English),Navarasa: Volume 1,Navarasa,Film,8/8/2021,1,1,3520000,8
Films (Non-English),N/A,Kingdom: Ashin of the North,Film,8/8/2021,1,3,3450000,9
Films (Non-English),N/A,Shiny_Flakes: The Teenage Drug Lord,Film,8/8/2021,1,1,3340000,10
TV (English),Outer Banks: Season 2,Outer Banks,TV,8/8/2021,1,2,105330000,1
TV (English),Outer Banks: Season 1,Outer Banks,TV,8/8/2021,1,2,45080000,2
TV (English),All American: Season 3,All American,TV,8/8/2021,1,2,33020000,3
TV (English),Hit & Run: Season 1,Hit & Run,TV,8/8/2021,1,1,23570000,4
TV (English),Cocaine Cowboys: The Kings of Miami: Limited Series,Cocaine Cowboys: The Kings of Miami,TV,8/8/2021,1,1,18890000,5
TV (English),Virgin River: Season 3,Virgin River,TV,8/8/2021,1,5,18840000,6
TV (English),Top Secret UFO Projects: Declassified: Season 1,Top Secret UFO Projects: Declassified,TV,8/8/2021,1,1,17040000,7
TV (English),Sex/Life: Season 1,Sex/Life,TV,8/8/2021,1,6,15500000,8
TV (English),The Good Doctor: Season 1,The Good Doctor,TV,8/8/2021,1,4,14090000,9
TV (English),Car Masters: Rust to Riches: Season 3,Car Masters: Rust to Riches,TV,8/8/2021,1,1,13930000,10
TV (Non-English),The Snitch Cartel: Origins: Season 1,The Snitch Cartel: Origins,TV,8/8/2021,1,2,26880000,1
TV (Non-English),Control Z: Season 2,Control Z,TV,8/8/2021,1,1,25430000,2
TV (Non-English),The Cook of Castamar: Season 1,The Cook of Castamar,TV,8/8/2021,1,5,15800000,3
TV (Non-English),"Newly Rich, Newly Poor: Season 1","Newly Rich, Newly Poor",TV,8/8/2021,1,6,14510000,4
TV (Non-English),N/A,Carrossel,TV,8/8/2021,1,5,11280000,5
TV (Non-English),Hunter X Hunter (2011): Season 5,Hunter X Hunter (2011),TV,8/8/2021,1,1,9610000,6
TV (Non-English),Control Z: Season 1,Control Z,TV,8/8/2021,1,1,8580000,7
TV (Non-English),How to Sell Drugs Online (Fast): Season 3,How to Sell Drugs Online (Fast),TV,8/8/2021,1,2,8580000,8
TV (Non-English),"Nevertheless,: Season 1","Nevertheless,",TV,8/8/2021,1,4,7960000,9
TV (Non-English),Too Hot to Handle: Brazil: Season 1,Too Hot to Handle: Brazil,TV,8/8/2021,1,3,7470000,10
Films (English),N/A,Resort to Love,Film,8/1/2021,1,1,28050000,1
Films (English),N/A,The Last Letter From Your Lover,Film,8/1/2021,1,2,18890000,2
Films (English),N/A,Trollhunters: Rise of the Titans,Film,8/1/2021,1,2,8960000,3
Films (English),N/A,Fear Street Part 1: 1994,Film,8/1/2021,1,5,6570000,4
Films (English),N/A,Wish Dragon,Film,8/1/2021,1,4,6290000,5
Films (English),N/A,Fear Street Part 3: 1666,Film,8/1/2021,1,3,6190000,6
Films (English),N/A,Fear Street Part 2: 1978,Film,8/1/2021,1,4,5840000,7
Films (English),N/A,Twilight,Film,8/1/2021,1,3,5600000,8
Films (English),N/A,The Twilight Saga: Breaking Dawn: Part 2,Film,8/1/2021,1,2,4960000,9
Films (English),N/A,The Twilight Saga: New Moon,Film,8/1/2021,1,2,4810000,10
Films (Non-English),N/A,Blood Red Sky,Film,8/1/2021,1,2,52370000,1
Films (Non-English),N/A,The Last Mercenary,Film,8/1/2021,1,1,16120000,2
Films (Non-English),N/A,Kingdom: Ashin of the North,Film,8/1/2021,1,2,15120000,3
Films (Non-English),N/A,Mimi,Film,8/1/2021,1,1,9210000,4
Films (Non-English),N/A,Bartkowiak,Film,8/1/2021,1,1,9210000,5
Films (Non-English),N/A,Rurouni Kenshin: The Beginning,Film,8/1/2021,1,1,8610000,6
Films (Non-English),N/A,Chernobyl 1986,Film,8/1/2021,1,2,5570000,7
Films (Non-English),N/A,A Perfect Fit,Film,8/1/2021,1,3,3130000,8
Films (Non-English),N/A,Major Grom: Plague Doctor,Film,8/1/2021,1,4,2770000,9
Films (Non-English),N/A,Words Bubble Up Like Soda Pop,Film,8/1/2021,1,1,2180000,10
TV (English),Outer Banks: Season 2,Outer Banks,TV,8/1/2021,1,1,100160000,1
TV (English),All American: Season 3,All American,TV,8/1/2021,1,1,43970000,2
TV (English),Virgin River: Season 3,Virgin River,TV,8/1/2021,1,4,28320000,3
TV (English),Outer Banks: Season 1,Outer Banks,TV,8/1/2021,1,1,26240000,4
TV (English),Never Have I Ever: Season 2,Never Have I Ever,TV,8/1/2021,1,3,23570000,5
TV (English),Sex/Life: Season 1,Sex/Life,TV,8/1/2021,1,5,21620000,6
TV (English),Love Is Blind: Season 1,Love Is Blind,TV,8/1/2021,1,1,19370000,7
TV (English),The Good Doctor: Season 1,The Good Doctor,TV,8/1/2021,1,3,18510000,8
TV (English),The Walking Dead: Season 10,The Walking Dead,TV,8/1/2021,1,1,15050000,9
TV (English),The Good Doctor: Season 2,The Good Doctor,TV,8/1/2021,1,1,13240000,10
TV (Non-English),The Cook of Castamar: Season 1,The Cook of Castamar,TV,8/1/2021,1,4,24170000,1
TV (Non-English),"Newly Rich, Newly Poor: Season 1","Newly Rich, Newly Poor",TV,8/1/2021,1,5,16700000,2
TV (Non-English),How to Sell Drugs Online (Fast): Season 3,How to Sell Drugs Online (Fast),TV,8/1/2021,1,1,16470000,3
TV (Non-English),Sky Rojo: Season 2,Sky Rojo,TV,8/1/2021,1,2,15660000,4
TV (Non-English),The Snitch Cartel: Origins: Season 1,The Snitch Cartel: Origins,TV,8/1/2021,1,1,15150000,5
TV (Non-English),Too Hot to Handle: Brazil: Season 1,Too Hot to Handle: Brazil,TV,8/1/2021,1,2,14230000,6
TV (Non-English),N/A,Carrossel,TV,8/1/2021,1,4,12730000,7
TV (Non-English),"Nevertheless,: Season 1","Nevertheless,",TV,8/1/2021,1,3,7710000,8
TV (Non-English),N/A,Chiquititas,TV,8/1/2021,1,1,7020000,9
TV (Non-English),Elite: Season 4,Elite,TV,8/1/2021,1,5,6920000,10
Films (English),N/A,Trollhunters: Rise of the Titans,Film,7/25/2021,1,1,16130000,1
Films (English),N/A,The Last Letter From Your Lover,Film,7/25/2021,1,1,13140000,2
Films (English),N/A,Fear Street Part 3: 1666,Film,7/25/2021,1,2,12350000,3
Films (English),N/A,Twilight,Film,7/25/2021,1,2,12260000,4
Films (English),N/A,The Twilight Saga: New Moon,Film,7/25/2021,1,1,10050000,5
Films (English),N/A,Fear Street Part 1: 1994,Film,7/25/2021,1,4,9240000,6
Films (English),N/A,Fear Street Part 2: 1978,Film,7/25/2021,1,3,9100000,7
Films (English),N/A,The Twilight Saga: Eclipse,Film,7/25/2021,1,1,8960000,8
Films (English),N/A,The Twilight Saga: Breaking Dawn: Part 2,Film,7/25/2021,1,1,8940000,9
Films (English),N/A,The Twilight Saga: Breaking Dawn: Part 1,Film,7/25/2021,1,1,7990000,10
Films (Non-English),N/A,Blood Red Sky,Film,7/25/2021,1,1,35930000,1
Films (Non-English),N/A,Kingdom: Ashin of the North,Film,7/25/2021,1,1,16380000,2
Films (Non-English),N/A,Chernobyl 1986,Film,7/25/2021,1,1,8250000,3
Films (Non-English),N/A,A Perfect Fit,Film,7/25/2021,1,2,8000000,4
Films (Non-English),N/A,Major Grom: Plague Doctor,Film,7/25/2021,1,3,7190000,5
Films (Non-English),N/A,The Guide to the Perfect Family,Film,7/25/2021,1,2,4580000,6
Films (Non-English),N/A,A Classic Horror Story,Film,7/25/2021,1,2,4060000,7
Films (Non-English),N/A,Deep,Film,7/25/2021,1,1,3200000,8
Films (Non-English),N/A,Tô Ryca,Film,7/25/2021,1,2,2930000,9
Films (Non-English),N/A,Haseen Dillruba,Film,7/25/2021,1,4,2620000,10
TV (English),Never Have I Ever: Season 2,Never Have I Ever,TV,7/25/2021,1,2,50190000,1
TV (English),Virgin River: Season 3,Virgin River,TV,7/25/2021,1,3,44890000,2
TV (English),Sex/Life: Season 1,Sex/Life,TV,7/25/2021,1,4,31200000,3
TV (English),The Good Doctor: Season 1,The Good Doctor,TV,7/25/2021,1,2,25520000,4
TV (English),Never Have I Ever: Season 1,Never Have I Ever,TV,7/25/2021,1,1,17400000,5
TV (English),Manifest: Season 1,Manifest,TV,7/25/2021,1,4,16220000,6
TV (English),Atypical: Season 4,Atypical,TV,7/25/2021,1,3,15920000,7
TV (English),Heist: Season 1,Heist,TV,7/25/2021,1,2,15390000,8
TV (English),Virgin River: Season 1,Virgin River,TV,7/25/2021,1,3,14360000,9
TV (English),Virgin River: Season 2,Virgin River,TV,7/25/2021,1,2,13770000,10
TV (Non-English),The Cook of Castamar: Season 1,The Cook of Castamar,TV,7/25/2021,1,3,36650000,1
TV (Non-English),"Newly Rich, Newly Poor: Season 1","Newly Rich, Newly Poor",TV,7/25/2021,1,4,19070000,2
TV (Non-English),Sky Rojo: Season 2,Sky Rojo,TV,7/25/2021,1,1,12980000,3
TV (Non-English),N/A,Carrossel,TV,7/25/2021,1,3,12150000,4
TV (Non-English),The War Next-door: Season 1,The War Next-door,TV,7/25/2021,1,3,9730000,5
TV (Non-English),Too Hot to Handle: Brazil: Season 1,Too Hot to Handle: Brazil,TV,7/25/2021,1,1,9450000,6
TV (Non-English),Elite: Season 4,Elite,TV,7/25/2021,1,4,9410000,7
TV (Non-English),Hospital Playlist: Season 2,Hospital Playlist,TV,7/25/2021,1,2,8070000,8
TV (Non-English),"Nevertheless,: Season 1","Nevertheless,",TV,7/25/2021,1,2,7880000,9
TV (Non-English),Lupin: Part 2,Lupin,TV,7/25/2021,1,4,6840000,10
Films (English),N/A,Fear Street Part 3: 1666,Film,7/18/2021,1,1,20080000,1
Films (English),N/A,Fear Street Part 2: 1978,Film,7/18/2021,1,2,16820000,2
Films (English),N/A,Fear Street Part 1: 1994,Film,7/18/2021,1,3,14370000,3
Films (English),N/A,Gunpowder Milkshake,Film,7/18/2021,1,1,11770000,4
Films (English),N/A,The Water Man,Film,7/18/2021,1,1,11630000,5
Films (English),N/A,This Little Love Of Mine,Film,7/18/2021,1,2,8810000,6
Films (English),N/A,Wish Dragon,Film,7/18/2021,1,3,8550000,7
Films (English),N/A,Fatherhood,Film,7/18/2021,1,3,7790000,8
Films (English),N/A,Twilight,Film,7/18/2021,1,1,7170000,9
Films (English),N/A,Rust Creek,Film,7/18/2021,1,1,6560000,10
Films (Non-English),N/A,Major Grom: Plague Doctor,Film,7/18/2021,1,2,21050000,1
Films (Non-English),N/A,How I Became a Superhero,Film,7/18/2021,1,2,9860000,2
Films (Non-English),N/A,A Classic Horror Story,Film,7/18/2021,1,1,9090000,3
Films (Non-English),N/A,The Guide to the Perfect Family,Film,7/18/2021,1,1,5130000,4
Films (Non-English),N/A,Haseen Dillruba,Film,7/18/2021,1,3,4430000,5
Films (Non-English),N/A,A Perfect Fit,Film,7/18/2021,1,1,3170000,6
Films (Non-English),N/A,Last Summer,Film,7/18/2021,1,2,2420000,7
Films (Non-English),N/A,Tô Ryca,Film,7/18/2021,1,1,2210000,8
Films (Non-English),N/A,The 8th Night,Film,7/18/2021,1,3,1860000,9
Films (Non-English),N/A,Silver Skates,Film,7/18/2021,1,3,1780000,10
TV (English),Virgin River: Season 3,Virgin River,TV,7/18/2021,1,2,87270000,1
TV (English),Never Have I Ever: Season 2,Never Have I Ever,TV,7/18/2021,1,1,58380000,2
TV (English),Sex/Life: Season 1,Sex/Life,TV,7/18/2021,1,3,45000000,3
TV (English),Atypical: Season 4,Atypical,TV,7/18/2021,1,2,29680000,4
TV (English),Manifest: Season 1,Manifest,TV,7/18/2021,1,3,21350000,5
TV (English),Virgin River: Season 1,Virgin River,TV,7/18/2021,1,2,20080000,6
TV (English),The Good Doctor: Season 1,The Good Doctor,TV,7/18/2021,1,1,18980000,7
TV (English),Heist: Season 1,Heist,TV,7/18/2021,1,1,18710000,8
TV (English),Virgin River: Season 2,Virgin River,TV,7/18/2021,1,1,17000000,9
TV (English),Too Hot to Handle: Season 2,Too Hot to Handle,TV,7/18/2021,1,3,16110000,10
TV (Non-English),The Cook of Castamar: Season 1,The Cook of Castamar,TV,7/18/2021,1,2,51570000,1
TV (Non-English),"Newly Rich, Newly Poor: Season 1","Newly Rich, Newly Poor",TV,7/18/2021,1,3,21450000,2
TV (Non-English),The War Next-door: Season 1,The War Next-door,TV,7/18/2021,1,2,14360000,3
TV (Non-English),Elite: Season 4,Elite,TV,7/18/2021,1,3,14240000,4
TV (Non-English),Elize Matsunaga: Once Upon a Crime: Season 1,Elize Matsunaga: Once Upon a Crime,TV,7/18/2021,1,2,12510000,5
TV (Non-English),N/A,Carrossel,TV,7/18/2021,1,2,11620000,6
TV (Non-English),Lupin: Part 2,Lupin,TV,7/18/2021,1,3,9280000,7
TV (Non-English),Hospital Playlist: Season 2,Hospital Playlist,TV,7/18/2021,1,1,8530000,8
TV (Non-English),"Nevertheless,: Season 1","Nevertheless,",TV,7/18/2021,1,1,8130000,9
TV (Non-English),Biohackers: Season 2,Biohackers,TV,7/18/2021,1,1,7500000,10
Films (English),N/A,Fear Street Part 1: 1994,Film,7/11/2021,1,2,19550000,1
Films (English),N/A,Fear Street Part 2: 1978,Film,7/11/2021,1,1,16060000,2
Films (English),N/A,Fatherhood,Film,7/11/2021,1,2,12830000,3
Films (English),N/A,Warcraft,Film,7/11/2021,1,2,10990000,4
Films (English),N/A,Wish Dragon,Film,7/11/2021,1,2,10590000,5
Films (English),N/A,This Little Love Of Mine,Film,7/11/2021,1,1,9390000,6
Films (English),N/A,Mother's Day,Film,7/11/2021,1,1,9200000,7
Films (English),N/A,Kung Fu Panda 3,Film,7/11/2021,1,2,8860000,8
Films (English),N/A,How to Train Your Dragon: The Hidden World,Film,7/11/2021,1,1,8860000,9
Films (English),N/A,The Huntsman: Winter's War,Film,7/11/2021,1,1,7460000,10
Films (Non-English),N/A,Major Grom: Plague Doctor,Film,7/11/2021,1,1,26150000,1
Films (Non-English),N/A,Haseen Dillruba,Film,7/11/2021,1,2,10210000,2
Films (Non-English),N/A,How I Became a Superhero,Film,7/11/2021,1,1,8820000,3
Films (Non-English),N/A,The 8th Night,Film,7/11/2021,1,2,5960000,4
Films (Non-English),N/A,Silver Skates,Film,7/11/2021,1,2,3110000,5
Films (Non-English),N/A,Rurouni Kenshin: The Final,Film,7/11/2021,1,2,2570000,6
Films (Non-English),N/A,Dynasty Warriors,Film,7/11/2021,1,2,2420000,7
Films (Non-English),N/A,Xtreme,Film,7/11/2021,1,2,1710000,8
Films (Non-English),N/A,O Candidato Honesto,Film,7/11/2021,1,1,1280000,9
Films (Non-English),N/A,Last Summer,Film,7/11/2021,1,1,1270000,10
TV (English),Sex/Life: Season 1,Sex/Life,TV,7/11/2021,1,2,69860000,1
TV (English),Virgin River: Season 3,Virgin River,TV,7/11/2021,1,1,62580000,2
TV (English),Too Hot to Handle: Season 2,Too Hot to Handle,TV,7/11/2021,1,2,33420000,3
TV (English),Manifest: Season 1,Manifest,TV,7/11/2021,1,2,31940000,4
TV (English),Pokémon Journeys: The Series: Season 1,Pokémon Journeys: The Series,TV,7/11/2021,1,2,21870000,5
TV (English),Atypical: Season 4,Atypical,TV,7/11/2021,1,1,20620000,6
TV (English),Manifest: Season 2,Manifest,TV,7/11/2021,1,2,20070000,7
TV (English),Virgin River: Season 1,Virgin River,TV,7/11/2021,1,1,13590000,8
TV (English),Lucifer: Season 5,Lucifer,TV,7/11/2021,1,2,13440000,9
TV (English),Sweet Tooth: Season 1,Sweet Tooth,TV,7/11/2021,1,2,13100000,10
TV (Non-English),"Newly Rich, Newly Poor: Season 1","Newly Rich, Newly Poor",TV,7/11/2021,1,2,24990000,1
TV (Non-English),Elite: Season 4,Elite,TV,7/11/2021,1,2,21780000,2
TV (Non-English),The Cook of Castamar: Season 1,The Cook of Castamar,TV,7/11/2021,1,1,16960000,3
TV (Non-English),The War Next-door: Season 1,The War Next-door,TV,7/11/2021,1,1,13970000,4
TV (Non-English),Lupin: Part 2,Lupin,TV,7/11/2021,1,2,13150000,5
TV (Non-English),Elize Matsunaga: Once Upon a Crime: Season 1,Elize Matsunaga: Once Upon a Crime,TV,7/11/2021,1,1,11700000,6
TV (Non-English),The Seven Deadly Sins: Dragon's Judgement,The Seven Deadly Sins,TV,7/11/2021,1,2,10110000,7
TV (Non-English),Young Royals: Season 1,Young Royals,TV,7/11/2021,1,1,9820000,8
TV (Non-English),N/A,Carrossel,TV,7/11/2021,1,1,9790000,9
TV (Non-English),Somos.: Season 1,Somos.,TV,7/11/2021,1,2,9420000,10
Films (English),N/A,Fatherhood,Film,7/4/2021,1,1,25680000,1
Films (English),N/A,Fear Street Part 1: 1994,Film,7/4/2021,1,1,16620000,2
Films (English),N/A,Wish Dragon,Film,7/4/2021,1,1,15260000,3
Films (English),N/A,The Ice Road,Film,7/4/2021,1,1,13690000,4
Films (English),N/A,Good on Paper,Film,7/4/2021,1,1,10580000,5
Films (English),N/A,Kung Fu Panda 3,Film,7/4/2021,1,1,7690000,6
Films (English),N/A,Warcraft,Film,7/4/2021,1,1,7650000,7
Films (English),N/A,Fatale,Film,7/4/2021,1,1,6460000,8
Films (English),N/A,Skylines,Film,7/4/2021,1,1,6130000,9
Films (English),N/A,The Mitchells vs. The Machines,Film,7/4/2021,1,1,4890000,10
Films (Non-English),N/A,Silver Skates,Film,7/4/2021,1,1,7390000,1
Films (Non-English),N/A,Haseen Dillruba,Film,7/4/2021,1,1,7370000,2
Films (Non-English),N/A,Rurouni Kenshin: The Final,Film,7/4/2021,1,1,5340000,3
Films (Non-English),N/A,The 8th Night,Film,7/4/2021,1,1,4480000,4
Films (Non-English),N/A,Dynasty Warriors,Film,7/4/2021,1,1,4100000,5
Films (Non-English),N/A,Security,Film,7/4/2021,1,1,2950000,6
Films (Non-English),N/A,Murder by the Coast,Film,7/4/2021,1,1,2690000,7
Films (Non-English),N/A,Xtreme,Film,7/4/2021,1,1,2650000,8
Films (Non-English),N/A,Rurouni Kenshin: Origins,Film,7/4/2021,1,1,2150000,9
Films (Non-English),N/A,Prime Time,Film,7/4/2021,1,1,2080000,10
TV (English),Sex/Life: Season 1,Sex/Life,TV,7/4/2021,1,1,86730000,1
TV (English),Too Hot to Handle: Season 2,Too Hot to Handle,TV,7/4/2021,1,1,62150000,2
TV (English),Manifest: Season 1,Manifest,TV,7/4/2021,1,1,36330000,3
TV (English),Sweet Tooth: Season 1,Sweet Tooth,TV,7/4/2021,1,1,21350000,4
TV (English),Manifest: Season 2,Manifest,TV,7/4/2021,1,1,21330000,5
TV (English),Lucifer: Season 5,Lucifer,TV,7/4/2021,1,1,16890000,6
TV (English),Pokémon Journeys: The Series: Season 1,Pokémon Journeys: The Series,TV,7/4/2021,1,1,15350000,7
TV (English),Sophie: A Murder in West Cork: Limited Series,Sophie: A Murder in West Cork,TV,7/4/2021,1,1,12800000,8
TV (English),CoComelon: Season 3,CoComelon,TV,7/4/2021,1,1,11430000,9
TV (English),Lucifer: Season 3,Lucifer,TV,7/4/2021,1,1,9550000,10
TV (Non-English),Elite: Season 4,Elite,TV,7/4/2021,1,1,38720000,1
TV (Non-English),The Seven Deadly Sins: Dragon's Judgement,The Seven Deadly Sins,TV,7/4/2021,1,1,33240000,2
TV (Non-English),"Newly Rich, Newly Poor: Season 1","Newly Rich, Newly Poor",TV,7/4/2021,1,1,28270000,3
TV (Non-English),Lupin: Part 2,Lupin,TV,7/4/2021,1,1,20970000,4
TV (Non-English),Somos.: Season 1,Somos.,TV,7/4/2021,1,1,11510000,5
TV (Non-English),Elite: Season 1,Elite,TV,7/4/2021,1,1,10530000,6
TV (Non-English),Elite: Season 3,Elite,TV,7/4/2021,1,1,10200000,7
TV (Non-English),Elite: Season 2,Elite,TV,7/4/2021,1,1,10140000,8
TV (Non-English),Katla: Season 1,Katla,TV,7/4/2021,1,1,9190000,9
TV (Non-English),Record of Ragnarok: Season 1,Record of Ragnarok,TV,7/4/2021,1,1,9140000,10
